order,xcoord,line,maskgood,wv_fit,Fpeak,line_wave_init_gf,line_x_init,line_a_gf,line_base,line_c_gf,line_x_gf
0,557.5319761390421,4158.5905,1.0,4158.705288454959,176.50287853497673,4158.553224722447,557.5493633996538,239.32784452739355,66.2,0.6303766103398564,557.6390704749548
0,593.8844371002244,4143.8688,1.0,4143.6189373628085,129.44602771952555,4143.804887572866,593.1639803613822,161.46243898033356,69.5,2.3716355221738556,593.3194055592618
0,622.8520569421985,4131.7235,1.0,4131.723560302962,175.2875799565643,4131.745002999014,622.8189730104693,379.7247146167011,73.0,-1.172110239230586,622.7662591698554
0,691.5777360959037,4103.9121,1.0,4103.911986132634,209.37717339060328,4103.9246879183565,691.6255560467831,407.979995782656,71.3,-1.0600225588629617,691.5941364011751
0,793.5442913753103,4063.5939,1.0,4063.593853482444,209.38631818144898,4063.6070509539054,793.5223452807847,479.3903138531053,90.6,-0.2630149226472105,793.4887008352126
0,819.5139034537792,4052.9208,1.0,4053.48850036017,148.089585945487,4053.508299839485,820.9155043175982,205.55059188194656,89.4,1.1818802395550028,819.4030941147851
0,839.1000765908275,4045.813,1.0,4045.9083885278233,340.89188137228666,4045.9018546622624,839.2559099549976,719.0176631486265,79.4,1.0834788190344868,839.0261320912235
0,1170.513882874208,3922.9115,1.0,3922.9002278959515,145.65997784615604,3922.983968151398,1170.4864228083654,127.13299143639229,86.6,-0.5552321743750009,1170.2814621837742
0,1275.387739405721,3886.282,1.0,3886.3174500226246,182.9697330741369,3886.551437060178,1276.1538630408074,243.51847924323786,93.4,0.9771313701178279,1275.3598213203306
0,1327.8829366989141,3868.5284,1.0,3868.5512346318483,122.18551883316911,3868.976736770368,1329.1251381563127,114.21039709991635,70.5,0.7948509435121122,1327.7707592075237
0,1353.0392253937277,3859.9114,1.0,3860.183449109725,193.99950491988488,3860.649330655681,1355.340616965256,244.53371584093478,77.8,0.8092665936996943,1353.0814615444867
0,1365.5720030619607,3856.3717,1.0,3856.0522571043375,173.510053584312,3856.570886387681,1366.2155175464773,204.6290470826013,83.5,0.7184092116677627,1365.6018690707183
1,532.1317968446522,4383.5445,1.0,4383.465981697742,187.3327356799566,4383.667667565086,532.4740078373524,315.3703854919179,65.9,1.020952697150005,532.2034301308581
1,549.2640138189131,4375.9294,1.0,4375.72125225842,132.16730214488848,4375.9866106783975,549.2536947788177,101.40976149895161,74.5,-0.5572499496761968,549.1272406252042
1,775.4930872139537,4277.5282,1.0,4277.275744286824,2278.3525520883622,4277.281510666493,774.8395646166913,6013.823012801708,84.5,0.9543055149879438,775.4246626516385
1,788.611993978411,4271.7593,1.0,4271.759774302882,938.7239879568219,4271.751961878288,788.5464181425516,2581.1499253072166,101.5,-1.1088688440434769,788.5638857118539
1,818.5501548877282,4259.3619,1.0,4259.242131178949,1102.6675023132912,4259.1919414390195,818.1746099203107,3051.3282031325803,91.3,1.0944684351923022,818.5824243692621
1,872.1184510194881,4237.2198,1.0,4237.079097325377,599.5034174440018,4237.062414576381,871.6683087415955,1270.3380957822849,133.8,-0.9746553457332467,872.0511399879485
1,907.6910464166958,4222.6373,1.0,4222.521279489797,208.3215737071232,4222.488767110967,907.2972638155658,414.1941378694853,91.2,1.1812519447718959,907.6617881296413
1,923.1790219316176,4216.1828,1.0,4216.221541963353,512.5118376242658,4216.153640677263,923.1675767159181,1086.8612991059206,120.5,-1.0172272208081914,923.2394180163094
1,961.6421004365003,4200.6745,1.0,4200.67565266608,2906.9725982125674,4200.639356255759,961.5499413854546,7499.533975916385,249.2,-0.9972441801975478,961.6373201847504
1,1053.2883070946054,4164.1795,1.0,4164.187329070872,518.0624800672313,4164.174386749559,1053.2732399000497,1239.6053698632911,84.4,1.0109504651233787,1053.286230697423
1,1067.5361282413846,4158.5905,1.0,4158.583285517072,3697.727004242002,4158.581860429313,1067.4955592239412,10219.707983731785,81.6,0.9923673287609084,1067.517580864409
1,1105.401189207047,4143.8688,1.0,4143.778935822669,572.0148650880885,4143.780671942303,1105.18564883116,1383.3590903677705,86.3,-0.9979318405167832,1105.412288038462
1,1136.5539505121237,4131.7235,1.0,4131.695972721894,2878.6715870610324,4131.720699336671,1136.5330315825377,7916.983206960713,101.4,1.0044146512352525,1136.540287001368
1,1170.7663277041115,4118.5442,1.0,4118.527837535011,136.6407905095466,4118.536231904971,1170.815736231799,195.05340331891847,82.3,1.659584326993535,1170.836547343017
1,1209.408874657665,4103.9121,1.0,4103.783923945334,1606.6014117187024,4103.843054202528,1209.21421508172,4189.919927371299,90.7,-0.964756495268531,1209.3962818166565
1,1317.4194650665927,4063.5939,1.0,4063.3270995173907,534.3173090593802,4063.430414949703,1317.0019108928598,1356.458760720646,74.6,1.0310578351148216,1317.4453897834328
1,1346.3198166276466,4052.9208,1.0,4052.699553612396,335.1013752926508,4052.822825308303,1346.0691719382576,707.1068771846435,96.2,-1.050700175316191,1346.337141730985
1,1366.0550558028076,4045.813,1.0,4045.4927107743188,668.7410883258456,4045.6793440914535,1365.562655404545,1756.528463714455,86.9,1.14150302933151,1365.9302611372993
1,2102.0,3820.4251,1.0,3820.429815920739,176.5,0.0,0.0,0.0,0.0,0.0,0.0
2,81.0,4859.7406,1.0,4859.740618345546,473.0,0.0,0.0,0.0,0.0,0.0,0.0
2,468.31188680709505,4657.9012,1.0,4657.846545979644,142.72518852550198,4658.3128798750795,469.2551622883873,137.87937730880407,78.2,0.6568535669292089,468.42559498334384
2,567.7381486980667,4609.5673,1.0,4609.513333212831,399.5993010530656,4609.728437438879,568.0983245614932,858.2991338214415,85.5,-0.9809721096037153,567.7640368260794
2,590.9665311988383,4598.7627,1.0,4598.40449075986,155.4751375297178,4598.496593259091,590.5869721010724,182.685182393614,69.5,0.8154523919873085,591.1426454786287
2,608.7654128024453,4589.8978,1.0,4589.937814757631,402.5360529247116,4590.071973273612,609.1459198687086,978.4139385029558,69.4,-1.0524079012105374,608.7803537942282
2,631.0311197285365,4579.3495,1.0,4579.401258451902,404.5187590907426,4579.510084632832,631.3557160062493,721.2210464515451,88.7,-0.893008547872666,631.0165384790338
2,704.3746788591652,4545.0519,1.0,4545.116020290945,1449.228445456435,4545.1218484857545,704.5235688040494,3868.6079888841446,95.3,-1.0171746147641252,704.3728568177343
2,736.1285451864536,4530.5523,1.0,4530.468572744241,160.14456288051554,4530.501581073217,735.8957565069176,97.05957762989627,92.3,-0.5081811313959625,736.0059436314384
2,778.0154548119099,4510.7332,1.0,4511.32361556649,3548.4419355280515,4511.287990389412,779.2022681114712,8964.059858959621,66.4,0.9735192973342216,777.9832927664272
2,796.2255204628019,4502.9268,1.0,4503.062179211609,158.93619884299522,4503.0008766567935,796.3950411968214,301.08710717138115,78.2,-1.3695538724082827,796.2315277928287
2,805.9005815376349,4498.5384,1.0,4498.687894806288,138.3029103701144,4498.636590721962,806.0936148577671,175.5727188893071,74.8775465067453,-0.9776301619937098,805.8763463890583
2,823.1615440273887,4490.9816,1.0,4490.909612611755,169.41000960898555,4490.8666573687815,822.8513393932353,363.9833303747328,78.77908670637581,1.5941676571391,823.1067840089132
2,843.079934046892,4481.8107,1.0,4481.974517136783,1563.4317625575943,4481.890754258739,843.285170840027,4071.74065544746,100.54139426871707,-1.0380187556051548,843.1063272816867
2,858.8530168839306,4474.7594,1.0,4474.92964106249,897.3626727289127,4474.836738904098,859.0685672494199,2102.5767714875515,106.91519025904452,-0.9755683844487663,858.8951164433681
2,938.5803850100973,4439.4614,1.0,4439.728791305559,407.0927703627774,4439.652704202921,939.0294924572135,961.49965187268,90.25017603191397,1.082545680858942,938.5918572119226
2,951.6643639199883,4433.838,1.0,4434.016249428442,607.2238504190351,4433.938210156041,951.9156478052886,1279.9065006881112,125.4467315195578,-0.9277681925012656,951.6856740214894
2,959.8082026245329,4430.189,1.0,4430.469634111581,1829.1130098122844,4430.392540453174,960.2992614166201,5526.875089513077,149.22757826064458,1.2274716123801077,959.8311644140572
2,969.4264086343146,4426.0011,1.0,4426.289831419013,3587.448014950195,4426.196326120488,969.9421936295537,11251.348665764384,220.07882979655707,1.2489502078093309,969.4921899240894
2,994.7824393752297,4415.1222,1.0,4415.316767059923,578.5231456544013,4415.265330771156,995.0980766015992,1354.8770746890123,80.26883209812617,-0.9715899824173174,994.7661179389153
2,1018.9379781894185,4404.7499,1.0,4404.924826602909,1786.4811213692099,4404.870222213679,1019.2263735608893,4606.319426619412,96.05227110045104,-1.0136121435214904,1018.9456535279306
2,1028.1303588556332,4400.9863,1.0,4400.985876185482,1943.2448811333616,4400.954982306804,1028.016241146979,6400.085307338917,110.55744539047942,-1.3130613791895056,1028.0894697572232
2,1143.3703314122336,4352.2049,1.0,4352.330691201022,812.4853122903291,4352.329351684219,1143.6554338086244,2186.269628788903,113.6941976812525,-1.1336127843515935,1143.3563096075259
2,1153.3048010482012,4348.064,1.0,4348.198601572045,7244.295076546936,4348.194428736729,1153.6204421699308,20502.18938851834,115.4462052659325,-1.0212792369878434,1153.3062033175638
2,1250.7570540950169,4307.9015,1.0,4308.183642274583,2031.4728026580262,4308.2672586784,1251.521100986035,7898.105069799217,212.45364335154267,1.741095017755262,1250.6190930196797
2,1270.5280004164229,4300.1008,1.0,4300.17998807627,2091.668600003864,4300.224468276465,1270.8052909996334,6322.528549935603,152.39088392097665,1.1910537286662417,1270.4988814080134
2,1285.6685933282624,4294.1243,1.0,4294.076860853905,282.07916241875824,4294.154572025893,1285.6406999510307,471.74114868354263,92.31922428092194,0.8356974612098012,1285.56542394005
2,1326.9981217328168,4277.5282,1.0,4277.532199396388,9981.996683234665,4277.574444779995,1327.1184839839334,27780.044793518588,108.63523772289733,-1.0671930003043029,1327.0023115430065
2,1340.9994930278253,4271.7593,1.0,4271.965550836297,3818.991204301006,4272.018935333559,1341.6350121609548,11373.26571187855,149.7446989183892,1.2201461613424907,1340.9805473172714
2,1372.7775093040377,4259.3619,1.0,4259.4032514647915,3072.8030188744633,4259.4331212762545,1373.0069819160187,9458.442671889736,179.58816437044345,1.2230741648044892,1372.8260771110336
2,1429.8553558299209,4237.2198,1.0,4237.091359552125,1004.095331003467,4237.168048269833,1429.6526148327728,2799.380013199888,126.31563218722977,-1.207580684436673,1429.7859490043775
2,1467.7326457076913,4222.6373,1.0,4222.46465672264,345.8944824845579,4222.525538219369,1467.4050399644204,690.257434530572,85.8,-0.9629919589855217,1467.6957844399353
2,1484.0212855455145,4216.1828,1.0,4216.2189957457995,656.626661675133,4216.224699746955,1484.2321911894423,1290.9756329181992,166.0,-1.0073593077845473,1484.1227114776875
2,1525.1185374294273,4200.6745,1.0,4200.580229876322,2738.7817093645854,4200.631282647927,1524.9665608386915,7635.332867468733,210.0,-1.1447285235838776,1525.0806931828615
2,1623.0126328172562,4164.1795,1.0,4164.027300608077,254.1472848352072,4164.064628851686,1622.6157900329904,538.3203820756472,76.6,-1.2463716550762098,1622.9273138059143
2,1637.9567809255077,4158.5905,1.0,4158.535272468184,1356.7377054175413,4158.549364324319,1637.805898157104,3795.03134717785,98.4,-1.1655718650324118,1637.9179308133669
2,1678.1861354052307,4143.8688,1.0,4143.868823729127,158.01473918307602,4143.853159664832,1678.1370032431369,357.33085492440625,66.3,-1.197715270655874,1678.1801078696726
2,1711.6396654568898,4131.7235,1.0,4131.805235387436,508.9958182111227,4131.782695387154,1711.7729569511976,1558.1802675720664,79.7,-1.2913232965595836,1711.6082033887515
2,1789.9039373111661,4103.9121,1.0,4104.063441091075,164.2795298337461,4104.002204175647,1790.125019226058,350.7415557918966,58.1,-1.1755551167242353,1789.8680135416798
2,2119.1500332066144,3994.7918,1.0,3995.338563817925,1429.4784157006707,3995.183106659798,2120.439595746866,2804.602867216054,57.5,0.7374970343812365,2119.1712346919257
2,2274.7981996534327,3948.9789,1.0,3948.9784392160054,1715.5522673106952,3949.0187844739526,2274.7983081242687,2737.4967644084986,56.3,-0.38648924410383056,2274.6582144776353
3,641.2447056722569,4847.8095,1.0,4847.923072563095,304.7635497910767,4847.967904053483,641.5493966050167,547.2204940525338,72.3,0.8601819783080227,641.2381578543402
3,724.4138637753008,4806.0205,1.0,4806.075297865835,1053.3595202102056,4806.042645757506,724.4791554472346,2567.099542890827,91.97617764138222,-0.9198414773036141,724.4347658249787
3,807.8124034357843,4764.8646,1.0,4764.916248709816,4398.200576693658,4764.8757665895255,807.8061633254605,12030.486835293721,91.86378763909954,-1.0203154906816536,807.7833267922907
3,867.4832736562315,4735.9058,1.0,4735.959487031284,1556.8285913264872,4735.895565244717,867.4635844459981,4008.324984477337,95.2477419275374,0.9548409504184425,867.4848226707564
3,875.5980295647387,4732.0532,1.0,4732.05319271822,566.174517755263,4732.017628214623,875.4658634211502,1295.508713414077,86.65844349014803,-0.9281194674790122,875.5398226034597
3,886.263605725718,4726.8683,1.0,4726.930457550059,3262.322729644691,4726.863199804202,886.2601403912304,8728.778869417049,86.69794960256537,-0.9879841099845633,886.2707729218779
3,937.6047138949747,4702.3161,1.0,4702.453024398045,355.11149831200066,4702.380701957295,937.7638136478278,767.8915474130421,84.45765917587626,-1.0080898337702064,937.6274506492779
3,1032.7188258669753,4657.9012,1.0,4657.897887348212,6554.949736331918,4657.8670604843455,1032.6122731250164,18296.986550773494,105.77038100316813,-1.0164447741343556,1032.6860284385946
3,1056.2562099524198,4647.4329,1.0,4647.029588520052,144.27806614087152,4647.02484908733,1055.2915209957296,175.1275364325291,100.22960101657165,1.7220892457660024,1056.1780977414637
3,1077.5879501880609,4637.2328,1.0,4637.233352893844,708.1393465211222,4637.219903587363,1077.5114971170528,1841.4452524908302,78.08086367692925,-1.03372415734868,1077.5396672232407
3,1097.0436039612441,4628.4409,1.0,4628.342974652545,299.55686944622454,4628.3445607604845,1096.7613012238169,679.3542698181071,75.93588522747815,-1.1227478070639716,1096.9727197284317
3,1138.4691129096288,4609.5673,1.0,4609.553458226136,11476.772635165498,4609.536396615481,1138.3939311586323,32239.63235222865,138.94133217988943,-0.9985217673464791,1138.4624502259012
3,1162.5566026423403,4598.7627,1.0,4598.715229996477,1139.3692631454924,4598.709626895586,1162.4198051150738,2877.4014488507637,109.44216583847714,-0.9772997950191901,1162.5381722143889
3,1182.2921888783571,4589.8978,1.0,4589.882693535624,7354.516385413083,4589.872877253712,1182.238464910945,20773.8787412549,131.82464436967754,-1.0213968269154148,1182.2943219150332
3,1206.0348367491583,4579.3495,1.0,4579.313306790878,5494.588906386738,4579.329710767664,1205.9464530889184,14464.183222236421,133.61106857772748,-1.026611409120054,1205.9910550150641
3,1363.5812058113515,4510.7332,1.0,4510.718613236446,1931.6794114446009,4510.752366189102,1363.608384971704,5467.39112512306,112.95564920115797,-1.0701887773952707,1363.5634914687398
3,1382.0400937676372,4502.9268,1.0,4502.853953425506,383.3160079572781,4502.904364104452,1381.934660520222,752.4798070967869,104.93292332516572,-1.018596769063102,1381.9874426173917
3,1392.1496479951386,4498.5384,1.0,4498.56169391961,280.6307928094425,4498.59978733044,1392.2727327141504,635.9442381886556,80.24687529805225,-1.1848273622774304,1392.1279292128797
3,1410.943747492072,4490.9816,1.0,4490.610379139011,319.2857682027869,4490.6427138727795,1410.1356510710891,869.8377335190384,117.70978805229392,1.6686324079854546,1410.9385211679826
3,1431.74005897209,4481.8107,1.0,4481.854478701919,3751.0296892273063,4481.897919885878,1431.9181310663312,11178.7141041794,117.39789534866925,-1.1221528906420335,1431.7104439045077
3,1448.6198641836818,4474.7594,1.0,4474.780187489261,1846.403724379908,4474.817219191204,1448.7444181590702,5303.75696514711,107.88827295070222,-1.101789748535886,1448.606174219522
3,1468.7649974214728,4466.5508,1.0,4466.375446363333,158.24418029404518,4466.41926490505,1468.4186101846587,378.5280695094181,78.27403884703392,1.5450894098814447,1468.734623913213
3,1480.141870937131,4461.6521,1.0,4461.64710105269,981.5813913344554,4461.694045468378,1480.2041945218668,2953.121157259425,87.95900068156763,-1.2264393445402693,1480.1031293812819
3,1511.0081544703178,4448.8792,1.0,4448.884446246455,807.0413687717611,4448.908751939656,1511.0916655959027,2086.4772327947358,113.14700689102779,-1.1439716533264943,1511.0199309519019
3,1533.6179535315232,4439.4614,1.0,4439.596155636747,467.27656850174463,4439.6252442097575,1534.0129496943362,1395.6692820397948,80.21946458715281,1.3140163794890922,1533.6131338447767
3,1547.6089648867187,4433.838,1.0,4433.87393268268,598.2310141048698,4433.891510043209,1547.7593752340244,1366.8399423476753,119.01414838235688,-1.0244582183209148,1547.6283635364418
3,1556.1856751071346,4430.189,1.0,4430.3756671143,1820.4233093672585,4430.398140255085,1556.7034994523501,5974.289855721378,113.10015709940693,1.3196918892290812,1556.190351480381
3,1566.5746189428837,4426.0011,1.0,4426.147906931796,3285.1023140948564,4426.151451142562,1566.9920048709998,9637.652454528768,441.414913435732,1.2488739713614152,1566.6222244326198
3,1593.7447569835317,4415.1222,1.0,4415.140905870896,413.7951129834815,4415.164525856264,1593.836489039304,1087.1442061292128,82.60087657108821,-1.1898609644838565,1593.7317225124307
3,1619.4175675463744,4404.7499,1.0,4404.806193202154,1005.8461666862194,4404.822599439209,1619.59063571762,2856.6453037998244,120.49575482109056,-1.1641626255539559,1619.4095793698832
3,1629.351991552046,4400.9863,1.0,4400.824030135151,1104.439688962783,4400.883364787553,1628.9743330319577,3993.6631413632726,95.40552250611312,1.4852019346230934,1629.2312890819926
3,1672.5154413545442,4383.5445,1.0,4383.63103631907,1993.372091945228,4383.619621734288,1672.7336706160766,5498.619672634908,289.2,-1.1610656225102864,1672.5442413323437
3,1682.3945816977089,4379.6668,1.0,4379.720611199974,936.1007157771576,4379.724414080134,1682.5235096571519,2765.7759543215066,83.7,-1.17946895708919,1682.3778889707553
3,1691.9834364428477,4375.9294,1.0,4375.933793896109,1176.9947124545834,4375.949860026901,1691.9802899264623,3398.6510501903117,90.5,-1.233469345258451,1691.9284683470726
3,1752.5127303051618,4352.2049,1.0,4352.225143689414,187.32177572773526,4352.212366465569,1752.4991926660582,465.16446040958743,75.6,1.5325680379002655,1752.4800128620222
3,1763.178050409704,4348.064,1.0,4348.082185441504,1449.2007592586401,4348.0566549218265,1763.1492972692704,4424.785312791696,107.6,-1.2599586583519218,1763.1682129300402
3,1800.92147457353,4333.5612,1.0,4333.502299424345,294.4952032500339,4333.522069347219,1800.6553884219911,385.1379176497625,127.6,-0.8805963310783855,1800.757015255069
3,1821.553394090602,4325.7615,1.0,4325.5855567637445,269.5678818120414,4325.594490374994,1820.9594761096168,860.1719313122402,58.7,1.5189087994579404,1821.395278834755
3,1867.89938412982,4307.9015,1.0,4307.936411789959,194.67351758225846,4307.855697902289,1867.8055998310842,223.0808619732944,108.5,1.039995856910809,1867.9263617100346
3,1888.812506714581,4300.1008,1.0,4300.032344618812,137.71886750516933,4299.942473827682,1888.4216128632322,174.90107296873856,74.3,1.0075154791786909,1888.8410112550362
3,1949.8729164309548,4277.5282,1.0,4277.16257757865,265.1322854203015,4277.146282218546,1948.6120318945548,737.5015507412277,70.9,1.5077444011981616,1949.6372863549298
4,328.5554262441974,5341.0233,1.0,5340.884739577145,8724.374311972848,5340.922502103551,328.5302987093725,25073.45481824852,67.9,-1.0153489325530725,328.700924341729
4,525.3730882678192,5227.1697,1.0,5227.150561840334,139.7263218055832,5227.219510320159,525.402250112985,280.34613526195676,67.7,1.6115735785741423,525.3142236693253
4,672.6689758943207,5145.3083,1.0,5145.20189682652,144.63231784728436,5145.018974978212,672.4789510289893,176.24485179477142,72.74898793317975,-0.780475213652931,673.0075670958626
4,736.7693971829005,5110.3849,1.0,5110.385123430437,197.68139595814694,5110.3952983802055,736.7592090720422,388.86966688949934,72.24036314462904,-1.0807461982968953,736.7399280548804
4,773.9758803818522,5090.4951,1.0,5090.4104173798205,160.33595667267645,5090.438831512465,773.8006163605646,273.650738201015,78.08975577753705,-1.1492551278718528,773.905852448495
4,827.5972580638299,5062.0371,1.0,5061.924926766918,534.3368569860858,5061.917121340311,827.3616526432604,1330.2548869752607,66.63644485673893,-1.0201812061829616,827.5888950834052
4,913.3744058883627,5017.1628,1.0,5017.094121280647,1343.043110815927,5017.0723290566875,913.2141586528813,3389.4172373991187,97.36814925544803,-0.9491478917656567,913.3890253426699
4,928.6027276237476,5009.3344,1.0,5009.229435613802,710.96470646123,5009.242477701944,928.3714705397547,1439.6420108949021,128.4744805577389,-0.8194138891911117,928.5497758848209
4,1001.3612835182457,4972.1597,1.0,4972.0428256190535,302.7374598563774,4971.991984541812,1001.1042708937678,532.1435766993673,94.58301114183725,-0.8691905129410492,1001.435301825803
4,1015.3472656171455,4965.0795,1.0,4964.968138460209,3551.24931498326,4964.952555039713,1015.1009871488887,9763.20996099561,86.84796601119572,-0.9945669741998145,1015.3523866602512
4,1030.3107776103693,4957.5966,1.0,4957.4250856574445,1080.525045458176,4957.461443217774,1029.944896192302,2919.3537927489688,86.76646631936217,-1.0564923673723459,1030.213507560706
4,1078.998715433067,4933.2091,1.0,4933.067680674606,958.9516750425157,4933.080151640915,1078.6923622593526,2257.9214477414207,86.69148169260538,-0.9944604638629744,1078.9516142931568
4,1104.8897125689007,4920.5018,1.0,4920.230345628082,672.0577361222736,4920.277748873304,1104.3204258350968,1704.7125276269821,89.21043894306442,1.1367106536099192,1104.773705653081
4,1228.8156572250973,4859.7406,1.0,4859.879998751013,143.29716409340986,4859.800453402772,1229.096916576,164.11065511764195,84.26656666450465,1.0163523477206473,1228.9721326500842
4,1254.2555080299926,4847.8095,1.0,4847.712471101483,3204.627180829575,4847.710764406817,1254.044960949595,8929.252568215838,92.75093483834715,-1.025474494480136,1254.2520627449278
4,1342.8166241713927,4806.0205,1.0,4805.932163457402,6763.323311518362,4805.947935400663,1342.627824816106,19235.10112683606,118.69166751923723,-1.0587598806777423,1342.7832913520508
4,1431.8407025162978,4764.8646,1.0,4764.821120418707,14106.295645555354,4764.83695433627,1431.7518133532335,41394.48849031419,191.08771080779266,-1.1053399107522381,1431.8123207070196
4,1495.6164005117603,4735.9058,1.0,4735.903962988557,3133.1219552969233,4735.917417675615,1495.6211787357029,9290.800821146153,105.77846117137989,-1.1040254435793526,1495.5953605988507
4,1504.204231231253,4732.0532,1.0,4732.043551504941,1011.9322463608372,4732.047147351469,1504.1918227274664,2916.2954343302663,113.0470980455024,-1.1644788117505709,1504.2053023926978
4,1515.7446276736553,4726.8683,1.0,4726.86829352169,5662.275836321999,4726.885946670869,1515.753951378362,17092.809930236985,107.7296832606355,-1.124597663035606,1515.7145483764207
4,1570.5464218454667,4702.3161,1.0,4702.484833446356,368.5108706574482,4702.496604148124,1570.9378918687605,918.8687644577356,100.76753588840907,1.2503104400625646,1570.529578512603
4,1672.5157797478487,4657.9012,1.0,4657.942033404219,3669.4076796748986,4657.952078398396,1672.6173099104458,11903.411950656104,94.9400452542539,-1.213374279209811,1672.4994495089243
4,1720.8224452236439,4637.2328,1.0,4637.205713293608,311.643002057251,4637.216459596736,1720.762875204523,775.848202320684,72.35855814577849,-1.1694495578266049,1720.801147558978
4,1741.1175445356153,4628.4409,1.0,4628.562053996493,145.04655337589426,4628.534765198436,1741.4049344090238,288.0912181144267,64.61326511856821,-1.1006907537742519,1741.1840297681483
4,1785.98611985679,4609.5673,1.0,4609.593444526257,2786.078455218291,4609.593380114237,1786.0463317420774,9173.442195539079,104.40144657463497,-1.3215568114572656,1785.984330606859
4,1811.772745274061,4598.7627,1.0,4598.778369115366,228.7966488940462,4598.78844474709,1811.8054884552955,569.5105521686762,73.07139339903372,1.3793290532413005,1811.74393789354
4,1833.1300734252395,4589.8978,1.0,4589.867996769529,1246.964536903369,4589.866439040792,1833.0512325871985,4173.348075587428,72.5,1.3449940641446498,1833.126577646051
4,1858.5955713007297,4579.3495,1.0,4579.298648553316,743.2482726744311,4579.298683093242,1858.4622892456844,2222.542979235928,69.8,1.233862736750115,1858.585052114429
4,1942.531662991571,4545.0519,1.0,4544.874373657545,676.8778913976873,4544.885873529989,1942.0725262391995,2155.0848958660495,72.4,1.3179637179225736,1942.480962603233
4,2374.89036662207,4375.9294,1.0,4376.447582954196,2009.3691808734811,4376.457993383115,2376.2081771195435,7725.96066550148,758.7,1.9248120368053294,2374.7969692930274
4,2397.928230753356,4367.8316,1.0,4367.832340252681,166.36123095973016,4367.830492813975,2397.866773434539,388.40467941283407,69.0,1.5263573594200448,2397.869739626138
5,694.9001974807879,5495.8738,1.0,5495.977907580525,231.58773014073668,5495.956832345778,695.1318913170146,436.1490980029302,90.53650014871762,-1.1777390527470932,694.9919174198404
5,763.5736609765838,5455.609,1.0,5455.552325725329,248.81047576495848,5455.660479567584,763.5435874767489,442.4673645122368,87.33736999833357,-0.9346229100396396,763.4554255115588
5,778.533784700222,5446.8937,1.0,5446.8317098482075,377.9574573708545,5446.892181296441,778.4951040562617,845.7353557528475,82.23295016890386,-1.004664689968246,778.4977139872342
5,799.7486722136808,5434.5228,1.0,5434.517235349822,239.0365158967894,5434.574393507107,799.8073281275422,498.45582563612334,72.87902807097097,-1.1020351774471644,799.7182307417868
5,808.1679475729238,5429.6955,1.0,5429.647053894987,609.4545429230479,5429.704305731323,808.1523020768109,1213.7282526148545,87.28554121022714,-0.8644367509978036,808.1370636039077
5,822.546837309971,5421.3517,1.0,5421.35162224404,131.43098139765257,5421.414678158721,822.614461751693,234.24553808749775,75.50535101968086,-0.2585225927581894,822.5051226113982
5,849.6066392251807,5405.7741,1.0,5405.815712742742,581.866850006456,5405.836365681241,849.7452952882833,1456.8755370094646,87.82938468857955,-1.0682672937188478,849.6365141134751
5,864.7723674214271,5397.1269,1.0,5397.1514081288,603.7611357403098,5397.191948482363,864.8797581537265,1390.2088971531746,86.04311509427777,-0.9997096803800141,864.7657191884344
5,910.0278297883419,5371.4892,1.0,5371.478133995763,1315.7534453134613,5371.512000409826,910.0661912668176,3115.8514674437483,136.84655119207952,0.9842142195019372,910.0257900420802
5,964.3135892885226,5341.0233,1.0,5341.0373359569085,431.9435710650648,5341.049926340006,964.3859704758438,1043.4626253102385,93.88506569013396,-1.0831955057705713,964.3381945730606
5,987.636906468123,5328.0376,1.0,5328.076581040154,2895.446992081601,5328.1111837896815,987.749003379937,7915.21961899144,88.93551825339856,-0.9971495146036364,987.6162638669421
5,1034.9047809801611,5302.2989,1.0,5302.024821878436,134.0670807061515,5302.361236993123,1034.4347071486447,113.48608577237717,95.31864811745264,-0.6837535297850321,1034.3210207409545
5,1069.3073660404787,5283.6206,1.0,5283.2432711625215,179.86277759450476,5283.696436416467,1068.634180398368,276.3014142692501,119.62488402236743,-0.28876659233504803,1068.4947764948301
5,1094.2798308296624,5269.5366,1.0,5269.703857759556,5749.53152848658,5269.912729929698,1094.602759605148,6557.597895387183,128.82156491683654,0.042763421618937744,1093.9071762896647
5,1162.8265148235364,5232.9394,1.0,5232.941573766127,500.8146705299084,5232.959601496684,1162.8252949712562,1152.4090243833953,107.88403936342931,-1.0469287791821522,1162.787338471448
5,1173.7023903272652,5227.1697,1.0,5227.162448750051,2741.162837973205,5227.175449943688,1173.6805078371756,7130.137794819562,114.23851081186983,0.967588277147069,1173.6696765617714
5,1184.8399249747963,5221.271,1.0,5221.2594259738025,321.74807567601204,5221.300678315211,1184.8068748181186,540.0436231886108,112.37940719533675,0.9346836060925687,1184.7508256874994
5,1234.8362708041677,5194.9412,1.0,5194.948492286057,445.8246411024077,5194.95990974357,1234.8263198970299,1004.4375380559926,100.8999145933351,-1.0870813474583223,1234.7905710144707
5,1248.660921999879,5187.7462,1.0,5187.7270495380635,692.7578102150617,5187.715088357343,1248.5970379980624,1674.9063834031917,96.58136687769121,-0.9997004537249702,1248.6566778701604
5,1279.7162094566766,5171.5953,1.0,5171.589520697042,764.0516368989944,5171.598946273007,1279.6708719962592,1903.3045002443441,85.11929950439247,-0.9984772596301996,1279.663831442799
5,1287.6849387021002,5167.4873,1.0,5167.467441599144,3128.276825003746,5167.470734175413,1287.610647049281,8605.579179000422,378.6313226456427,-1.157531754569147,1287.6426936773387
5,1297.6266909284834,5162.2846,1.0,5162.335468552717,685.4950234930943,5162.3237116565415,1297.6873937928112,1682.9949959525163,134.0298155726653,-1.077087628672908,1297.6115551984255
5,1330.78442148953,5145.3083,1.0,5145.304988401389,818.8667312261414,5145.307401216678,1330.7336580290641,1981.7697328589263,118.015430300988,1.013675803600763,1330.7354142918507
5,1337.636110648787,5141.7827,1.0,5141.802197437459,1330.2948540488678,5141.804428433978,1337.6287755910898,3526.108872320847,152.76060776938573,-1.0608702768013214,1337.5862476898678
5,1368.973689038486,5125.7654,1.0,5125.852598465719,327.8521566145155,5125.807807802757,1369.095051138137,597.8239742417345,115.57427705110912,-1.0491580496362787,1369.01142476808
5,1399.5001047155688,5110.3849,1.0,5110.427528228851,921.8029808381178,5110.414158145497,1399.5300686381083,2422.4334537613163,93.77394473543103,-1.03459097942076,1399.4719660701464
5,1439.2198370458016,5090.4951,1.0,5090.520877208499,606.1267067544095,5090.500351266969,1439.2126312101598,1530.3957793292918,87.1476860915196,-1.090910392898754,1439.2021046999475
5,1453.7544761078816,5083.3377,1.0,5083.282466314419,152.18735153814782,5083.3213338102305,1453.5833441500308,229.1587175565046,81.07955063232758,1.1320418744302747,1453.616259165662
5,1496.7321793931822,5062.0371,1.0,5062.022414332779,1358.349481527812,5062.004954523643,1496.6399039932176,3817.9466172382813,77.56105159151785,-1.0927709430115988,1496.705209564275
5,1518.0623118984818,5051.6336,1.0,5051.550016478838,207.3388905857849,5051.592262912751,1517.828610736903,251.0958219901967,103.29029691866826,-0.9216242878020481,1517.9130050533354
5,1588.8980997785684,5017.1628,1.0,5017.145160030301,1828.2962111268778,5017.131841961918,1588.7991574177101,5234.0017110144,104.88515237145232,-1.1408575211083012,1588.8634265308492
5,1683.420512370015,4972.1597,1.0,4972.118617576036,210.3292547684997,4972.11453326612,1683.277239499355,522.5172005099023,84.5098347219012,-1.3918789156457203,1683.3731315554276
5,1698.3506769834862,4965.0795,1.0,4965.097787620807,2312.768089517707,4965.075698781899,1698.3349662966377,7225.90494345257,91.12771977731566,-1.185977884602983,1698.3430652125403
5,1714.7015518107955,4957.5966,1.0,4957.437230300498,602.2054049121782,4957.423584062516,1714.307624787678,1780.4201089294336,67.76227545946561,-1.244427859213135,1714.6776522932164
5,1766.9139943278117,4933.2091,1.0,4933.172640051358,356.7240228730735,4933.188270372148,1766.7872868655274,1069.6509073130726,75.37971496895653,-1.3650682714451678,1766.8323871056023
5,1794.6380474692867,4920.5018,1.0,4920.410080824199,228.9278635263786,4920.347959204805,1794.3931652080664,722.4985474419324,71.070685918235,1.7776504036350107,1794.7284810027272
5,1863.6341500943895,4889.0422,1.0,4889.011359776929,350.9919369220078,4889.00490728103,1863.5264519370912,712.372135986786,126.26049785720764,-1.1296616059080318,1863.609080698005
5,1884.0316264439134,4879.8635,1.0,4879.827479456501,1960.4314000435359,4879.8362345316855,1883.9130482376756,6126.933235731927,126.34031148483216,-1.309213604020979,1883.9737483400913
5,1956.1261280128472,4847.8095,1.0,4847.724798990485,312.00440733837047,4847.747057501787,1955.8953919860942,771.6796002909822,93.3,-1.3216547160624863,1956.036824602046
5,2051.843902618907,4806.0205,1.0,4805.9565014885375,301.7341645096194,4805.921150501678,2051.640612194935,602.8262057182878,75.7,-1.0497274241771661,2051.8708652403707
5,2148.0468162655734,4764.8646,1.0,4764.945893648797,147.0337168459173,4764.902798174081,2148.139875093761,163.9487771352093,99.4,1.5228412254718442,2148.049251931516
5,2409.8962244364184,4657.9012,1.0,4658.15777002882,159.16515468923944,4657.964301726912,2410.0507346108216,390.53210182070796,75.8,-1.4157469654880686,2409.8911727941077
5,2536.320255958104,4609.5673,1.0,4609.0929183785565,4269.281683775313,4608.797866962469,2534.1620241831574,7084.03852745073,62.5,0.4753718706010585,2536.169007924364
6,528.6990180585321,6032.1274,1.0,6032.310169934687,252.22817647438478,6032.359774483161,529.0175659665057,438.08610966980996,73.21873631051848,-0.8584943623555572,528.673989963994
6,684.5120779465426,5928.813,1.0,5928.813813440092,170.34839015778363,5928.896652539258,684.6218967894686,258.5231951559391,77.825186813494,-0.9890273641705812,684.4935712656855
6,709.8960003527139,5912.0853,1.0,5912.31514013894,479.5142173980476,5912.359421575604,710.3608685434741,946.4706872969006,82.76843570996556,0.9150567961818771,709.9378042835085
6,746.4250918126878,5888.5841,1.0,5888.745697777175,271.9320139228336,5888.827712186711,746.785958784005,478.59263965918996,75.66945871121172,-0.8084198384382272,746.4067938307094
6,755.033811680036,5882.6242,1.0,5883.220646603672,193.57457897718675,5883.2252752555905,756.0727685627245,217.94717602087604,81.76009796776316,0.7411173843151778,755.1352563933751
6,790.57392256569,5860.3103,1.0,5860.529062709258,168.060885234407,5860.551020457587,791.022098213949,246.64610466293226,74.04732633871025,0.8977778515170296,790.6435722727082
6,831.8781808979909,5834.2633,1.0,5834.393378339981,134.00325743822623,5834.406864100038,832.1806330228201,137.60788942404483,81.2196565845712,-0.9746297951855174,831.9526865358181
6,985.2454479069758,5739.5196,1.0,5739.512400875563,229.4942071566389,5739.640601108273,985.2815299942557,442.73931844158386,84.2887327287772,-1.094322987625813,985.0825031498271
6,1065.6518306688072,5691.6612,1.0,5691.090934999562,153.57253613596208,5691.1497155279185,1064.7155885571917,375.16657486944916,91.20195517954822,1.8659731418980714,1065.5723933452584
6,1080.8287989334412,5681.9001,1.0,5682.050684516639,138.07372640294327,5682.006602474329,1081.0956766951986,342.5957525130922,66.06130550320132,1.7849486920919495,1080.9166222302524
6,1133.66675951031,5650.7043,1.0,5650.820381965853,576.8371685436714,5650.8556998935655,1133.86042635216,1296.3163837642373,96.5670644490321,-0.9652333785943171,1133.602819200182
6,1193.7037456024111,5615.6436,1.0,5615.787912726871,461.09972316621713,5615.764992193318,1193.931242190345,1017.0120333927255,89.51451996396308,-0.9733183289579559,1193.7218444156397
6,1209.1054740964555,5606.733,1.0,5606.8775717447525,1514.5814892794815,5606.857316863448,1209.330311346399,3684.3000759025012,117.41353568990058,-0.9715025199453605,1209.1150840832906
6,1243.6897641694525,5586.7553,1.0,5586.9828106463065,319.80300926327556,5586.9313692565975,1244.0531650907662,637.4453901081246,103.26687962234837,-1.0353016313773726,1243.7459531386103
6,1259.5323176563509,5577.6845,1.0,5577.921377660713,236.61838888105126,5577.918390125318,1259.9102633401485,588.496522396695,80.89602960127033,1.4251433364209682,1259.5006863789934
6,1293.0731771671294,5558.702,1.0,5558.844347984703,1141.7162089860328,5558.809810804901,1293.281431570931,3305.681599353697,73.3363490197151,-1.1279040242291782,1293.091167101236
6,1352.951052578098,5524.957,1.0,5525.147081172603,175.0759162023111,5525.126991670168,1353.2405231070181,347.30078473507587,71.02022433875607,1.4559336303045083,1352.9363935739857
6,1405.263121221616,5495.8738,1.0,5496.081139065774,901.6234403426605,5496.014707429186,1405.5846329424749,2394.098603643575,137.04752595865116,-1.1247854553754708,1405.3295051526127
6,1479.0588791783953,5455.609,1.0,5455.664148662603,834.2946098540903,5455.638699029133,1479.1067685777266,1961.3564231372286,149.85976334009587,-1.081439544266582,1479.0520732424836
6,1486.3743688909049,5451.652,1.0,5451.694639578053,378.6193795710462,5451.630502846985,1486.399672001166,754.2939459310247,104.65395016420274,-0.9572409239673804,1486.439326209947
6,1495.0406873923666,5446.8937,1.0,5447.000768046611,1190.1992143688537,5446.984627132499,1495.1856321741568,3067.624856386349,97.55290561833226,-1.052830093024798,1495.017557317555
6,1518.1664317489083,5434.5228,1.0,5434.521027629859,576.2279817964584,5434.530624812358,1518.1115607351223,1615.156207145883,80.94959203398142,-1.1768052582564106,1518.0970199343103
6,1526.9963043669677,5429.6955,1.0,5429.77351293255,1339.500749020251,5429.748181663356,1527.0906028408351,3544.7588952125234,99.37170557221089,-1.0705736474771874,1526.9925027593222
6,1537.5761437876758,5424.0686,1.0,5424.097816013676,162.6206696403656,5424.04020411609,1537.580542840895,187.18264944568128,80.9107544496025,-0.7281335681666906,1537.6335430129318
6,1542.5732786039482,5421.3517,1.0,5421.421850600558,215.24468914477634,5421.433592170792,1542.654635416748,321.3247035170703,85.221027461512,-0.8092278349515494,1542.501608876237
6,1553.5206458100251,5415.1997,1.0,5415.57032154991,130.07359170194735,5415.5996447777425,1554.166204253345,201.0195944304433,88.51325138594505,1.712363162061513,1553.41690898106
6,1571.9100994835942,5405.7741,1.0,5405.774180424313,1075.9316815858726,5405.768000799402,1571.86310440806,2852.5731429399716,129.0163570038516,-1.1279625086291805,1571.8745784452997
6,1588.1102312424814,5397.1269,1.0,5397.178825705286,959.3040856477141,5397.162455776794,1588.1627117855833,2544.8064081467123,105.3839608450329,-1.1167112605072904,1588.095558321228
6,1636.8969383288181,5371.4892,1.0,5371.488733491018,1606.0731572860489,5371.486526129646,1636.8553369620788,4524.617138394923,93.59933125781525,-1.1447185314985695,1636.8604438631276
6,1695.7433702867313,5341.0233,1.0,5340.889301300544,417.93173888393267,5340.902390007038,1695.4482042046566,884.6632323547528,92.38217183124151,-1.0058465738865023,1695.682351891128
6,1720.583815907541,5328.0376,1.0,5328.0995170637225,2096.706492290344,5328.091009096205,1720.670130346224,6521.920252333452,108.50460853895413,-1.1986425483952277,1720.5660894500782
6,1909.837523916634,5232.9394,1.0,5233.124288292824,170.5193271134368,5233.138808079377,1910.150758649214,280.1520471030457,64.42391319047658,1.0207948904518889,1909.744242326097
6,1921.9723184287427,5227.1697,1.0,5227.183349010042,573.6761957333572,5227.185399660206,1921.930711690504,1712.8417121293235,68.242104779979,1.3325916343583455,1921.8986149067357
6,2045.5894796088705,5167.4873,1.0,5167.688753469435,245.59059099832876,5167.635070468665,2045.8396061018498,838.0335981158544,75.28154818754199,1.7030706022277986,2045.5280429463342
7,360.2992011339271,6677.2817,1.0,6677.876090335373,140.22377557898741,6677.898357723788,361.09303167804046,225.01024726466432,71.14795640901781,1.1685965977608725,360.29877015353185
7,619.070002748329,6483.0825,1.0,6483.008804091369,152.30312502119972,6483.041355254114,619.0629771732363,285.4249779835421,74.96138207367548,-1.1529719036040487,619.1193477191237
7,711.2609172191615,6416.3071,1.0,6416.44527033954,833.6466947560497,6416.473669614473,711.5361467314851,1987.1235539202703,92.29399301161826,-0.9484549868600982,711.3029615701283
7,729.3942865779491,6403.0128,1.0,6403.521594531447,131.03410742504175,6403.61958626407,730.1878600388144,309.27996860275584,74.97125827103399,2.4895428495561482,729.3347858277897
7,755.5495914688877,6384.7169,1.0,6384.97692623687,304.05264167337225,6385.040567563604,755.9900309887041,527.0773206258654,87.4764166384818,-0.8008737393546138,755.5322506746871
7,777.3041229435291,6369.5748,1.0,6369.638437359756,142.562507044372,6369.662417741834,777.462273333107,251.9177823732413,79.12497705014133,1.6243237988890633,777.3377157587478
7,866.0864582875106,6307.657,1.0,6307.8372128874835,300.06034128213986,6307.80292067648,866.3935781271692,470.3953021328613,101.99095220435633,-0.8852354845093559,866.1818217638707
7,882.0360040778387,6296.8722,1.0,6296.868445557433,283.9843611517961,6296.915472706699,882.0720919653597,476.2200228721038,97.36258524829728,-0.9822542119549248,882.0090637887014
7,1024.008029598691,6201.1002,1.0,6200.979054017594,124.46318390729297,6200.809438465389,1023.8353034775657,119.42529769960296,83.35681838405227,0.9893060221682426,1024.2727797348473
7,1038.684361254359,6191.5583,1.0,6191.2424790522,126.5436124105351,6191.312942003918,1038.2145500017882,137.0882950363582,80.76880093126836,-1.1093086138247776,1038.5849253256067
7,1067.235458109611,6172.2778,1.0,6172.393831259436,1971.9796140773367,6172.418636284617,1067.4141110412897,5241.258024237076,166.41472220822715,-1.0730017175575999,1067.2001049211744
7,1093.0775834344413,6155.2385,1.0,6155.438480279025,267.9620635600238,6155.401154561214,1093.3820607081218,372.2531610757063,96.52605019453077,-0.8308707588540244,1093.1334342472398
7,1108.3975067023187,6145.4411,1.0,6145.433636319778,372.1119382533444,6145.4428300335485,1108.3830781544436,821.8785234204655,85.05511162634477,1.007345793007133,1108.38042466951
7,1136.467413517895,6127.416,1.0,6127.1920014731495,160.42835110727952,6127.189874432871,1136.1159852763326,308.885558349724,90.63618862998375,1.668296486539454,1136.465024147239
7,1155.4467341616414,6114.9234,1.0,6114.923428069733,2587.499100265031,6114.931232209659,1155.4397370128129,7095.901305488821,107.05391678848105,1.0063666149197807,1155.4275952724636
7,1170.41497568557,6105.6351,1.0,6105.284705368317,392.7530444893434,6105.3754395280685,1169.8621066832595,1213.0079062142129,80.55222098357963,1.4411529322092147,1170.2659810154817
7,1180.5074891307481,6098.8031,1.0,6098.804037246114,325.0390438556576,6098.702628605606,1180.500677961027,556.5974627478273,117.71835838548228,-0.9025247939035771,1180.657317350403
7,1193.611596258942,6090.7848,1.0,6090.411531600122,158.93317289806964,6090.441774562129,1193.0192826464372,304.5526530497723,70.34061981209541,1.2225390594388221,1193.55565241222
7,1208.2313132948052,6081.2433,1.0,6081.07757742177,135.67131871455004,6081.137478598814,1207.9624358528954,84.55570697658915,86.40884827468903,-0.5601059437934954,1208.1284575497457
7,1242.4313719295105,6059.3725,1.0,6059.362311511346,724.4341665399313,6059.3802875953315,1242.406786262077,1859.6426505725638,82.88595985170087,-1.0264444955163587,1242.3944733829267
7,1252.971092295459,6052.7229,1.0,6052.703791096152,364.8368649481482,6052.724813750216,1252.9326765911587,756.2289711381587,75.22554446255378,-0.9951052535783432,1252.9296439282812
7,1267.9245702639842,6043.2233,1.0,6043.283935764684,1378.9634379637928,6043.274586633147,1268.0135726815004,3594.466387474193,104.33632743928355,-1.0403309736226714,1267.9320209799687
7,1285.6701409979391,6032.1274,1.0,6032.146295311557,3298.1620595440377,6032.161515712153,1285.6940505991377,9021.489451094409,106.62988214824541,-1.003996084681505,1285.6395834334285
7,1296.9331998428856,6025.15,1.0,6025.100319924336,266.47478884807384,6025.121137144672,1296.8482955197967,581.6071357178225,96.20320846762121,1.3095215949820322,1296.8944910288753
7,1327.328423590831,6005.7242,1.0,6006.174522873248,154.80149129223102,6006.171178366714,1328.0518649296068,249.59191249159446,83.05258264542299,1.5002822446489184,1327.3314256623273
7,1339.140363602269,5998.9987,1.0,5998.854613048034,170.4458466611387,5998.908835144912,1338.9065028940274,405.01857144903124,80.75052811771953,1.4953830707098543,1339.051716855809
7,1357.6895168883702,5987.3016,1.0,5987.398848129805,246.661123783805,5987.385929271596,1357.84873043265,490.168926869129,88.04635429830907,-1.1044831135112219,1357.7118861053632
7,1383.0301133031262,5971.6008,1.0,5971.825920123108,154.8579242649543,5971.703118769205,1383.4026880321874,125.89321616128377,75.85473305444837,0.574564506998319,1383.235672922247
7,1453.845259782665,5928.813,1.0,5928.775651308201,604.1458636166326,5928.847626755841,1453.8009626208418,1457.6335361584443,97.79234854670382,-1.0699347258203447,1453.7435396402984
7,1568.8396373214273,5860.3103,1.0,5860.319962527999,319.33728169809643,5860.345339553908,1568.8964187269628,801.1211819156374,80.16555704887465,-1.193892053161824,1568.8367772132437
7,1613.381851662585,5834.2633,1.0,5834.281118164138,177.87991702723207,5834.371217384426,1613.460403101468,304.58294538431267,74.68590091385488,-1.0689375137763621,1613.274826259109
7,1779.858821920288,5739.5196,1.0,5739.285413945128,216.0285087952014,5739.3355577902275,1779.4908156113843,394.98167881191665,83.52274006278138,-1.1498330792697442,1779.8195551648766
7,1865.8113389361067,5691.6612,1.0,5691.661245903243,127.44138572249035,5691.796983858646,1865.832246842544,115.42271730372943,66.44862193461441,0.5183416435266397,1865.5848287010458
7,1941.5430554437157,5650.7043,1.0,5650.497451186413,172.23646575537842,5650.586773977864,1941.1254243938508,275.85478523514007,67.23445178815035,-0.8641327397922093,1941.3434143598388
7,2023.263234783566,5606.733,1.0,5606.914733184977,204.95481384403217,5606.844505449573,2023.4724179139275,632.2534291230793,63.674897298311194,1.6617132888252297,2023.2615437271709
8,135.25247286156417,7514.6518,1.0,7514.631280083318,1234.4213503939836,7514.608922638527,135.23410763393443,3047.3171860806365,75.1,-0.94656102469847,135.28124546099278
8,147.10403624349084,7503.8691,1.0,7503.869100301477,2046.6387975578593,7503.831317048345,147.10470963541118,4914.383580641495,96.5,-0.9560560593474507,147.14636932902846
8,281.2874775665608,7383.9805,1.0,7384.158818043937,6876.36876610159,7384.098033504107,281.46039472877345,18548.29769094716,162.86947685272096,-0.9955610343126882,281.3265046704534
8,295.04069028995605,7372.1184,1.0,7372.107080112262,292.2888554747402,7372.073314393373,294.9952274634579,459.27465300837343,85.91202147968723,-0.8913797826880783,295.04676019713844
8,316.77355182296367,7353.293,1.0,7353.143937231984,161.72623494329326,7353.102651592285,316.5665078785065,284.03499037678034,66.49393834418558,-1.095762671582241,316.7851846197708
8,488.11036955300244,7206.9804,1.0,7207.038679893276,396.14594172713066,7206.991542387127,488.13113166130177,666.2090784804893,75.62184830768739,-0.7910771225085678,488.11779474197857
8,546.2994188116179,7158.8387,1.0,7158.751531724626,150.0271659225946,7158.721052748292,546.1448842932141,255.7443596164554,74.49256372436814,1.270534077111106,546.287641718838
8,560.4674133769701,7147.0416,1.0,7147.094026551601,4411.094514425108,7147.04538554434,560.482860950328,12030.958428866492,97.84173799865218,-0.9764880890865372,560.4782522994018
8,586.8542724275724,7125.82,1.0,7125.485569093332,224.49002915493668,7125.490719057482,586.3972680259546,452.98672391795515,65.02960074605234,1.1163593190644963,586.8005974295634
8,609.1888665269696,7107.4778,1.0,7107.2993690778385,233.41113921133692,7107.338728825546,608.9229575015486,649.9415944811271,68.39724871219917,1.5094409148254264,609.094203902868
8,658.8472100201336,7067.2181,1.0,7067.201956589603,50240.40623175915,7067.18726738502,658.7845090866706,138271.91240606827,308.42210544409335,-1.0325116313506553,658.8229152924678
8,705.181523580681,7030.2514,1.0,7030.203126836613,1730.0296399927674,7030.165289386589,705.0826107197755,4413.059788131911,101.45158501823084,-1.0006482207425969,705.1910495793921
8,787.6628533787401,6965.4307,1.0,6965.311933990713,75960.05840044675,6965.31065496921,787.4826129125278,212325.91279321825,302.728998179125,-0.9975570130990037,787.6366727885749
8,805.5403470348328,6951.4776,1.0,6951.408618861437,226.7945195116587,6951.559329048952,805.4262052519764,283.64909818893176,112.20866377569956,-0.7561399231841954,805.320883578059
8,823.4507348279005,6937.6642,1.0,6937.536747765998,1156.5855553140389,6937.52812385816,823.2632469744901,2909.441519181223,98.46453107407422,-0.9576705245773812,823.4393296142417
8,888.8425755713663,6888.1742,1.0,6887.369430036849,451.5628209112923,6887.482747842903,887.773683783097,938.9847759034668,98.73887773744462,1.0099645721215027,888.6817674704212
8,899.351046984968,6879.5824,1.0,6879.377112317457,235.6084307747693,6879.426244725372,899.070584731144,325.2270654436174,83.34235283649984,-0.6777415012368352,899.2761898983745
8,910.2158895857718,6871.2891,1.0,6871.133833777809,3626.9274558010575,6871.134932310676,910.002659783155,9973.405683047786,82.38526368222605,-1.0185907602999156,910.2061571361993
8,923.3432825295267,6861.2688,1.0,6861.2010752296665,398.4001417347934,6861.168736180557,923.2476626639516,942.3445448894919,105.6068598659264,1.2130084656880282,923.3801356065105
8,1050.6628686380927,6766.6117,1.0,6766.384042473448,484.84483165050034,6766.414465381983,1050.3703689549654,1046.441853985372,107.58950866382555,-0.968737528030865,1050.6391029830638
8,1069.3960856497893,6752.8335,1.0,6752.661933866671,4724.597909501233,6752.675989371785,1069.1825705299798,12428.436571448809,238.1707080798942,-0.9674150244395457,1069.3981012204017
8,1115.370061965601,6719.2184,1.0,6719.2302944534,189.64539660552975,6719.221945205226,1115.4164412045272,349.50783160415966,77.28093256869059,-1.0960245514314257,1115.4115396389955
8,1164.2399110245576,6684.2929,1.0,6684.0696426277145,804.8503051258933,6684.148231124444,1163.9667843963484,1788.111233595286,112.99264086818287,-0.9183516540049654,1164.1690061668703
8,1174.0273831511413,6677.2817,1.0,6677.07403710743,3607.5691062458964,6677.141297827688,1173.7771969905507,9742.716726138673,114.23885562045864,-1.0474124029985592,1173.9738581094791
8,1189.614188778969,6666.3588,1.0,6665.964998810103,533.9453338369591,6665.966096095195,1189.1041074615098,1726.541638238997,101.21063709150941,1.6483684172987465,1189.6561418806007
8,1221.2409999526312,6643.6976,1.0,6643.5428090872065,1062.1451099802036,6643.579564789662,1221.070807712348,2691.9693614914636,86.07963980879069,-0.9962714084643178,1221.237925193982
8,1228.3459179951756,6638.2207,1.0,6638.527504642126,680.9571794718345,6638.5839652566565,1228.83114513717,2402.183805916395,126.37360841892114,1.5370311453686094,1228.316018727667
8,1373.3316288792128,6538.112,1.0,6537.904279895419,423.8459413578007,6537.9500718538875,1373.0981470909337,1024.4331890084566,76.64852807474294,-1.0411204501948268,1373.3353161713314
8,1454.6158696415378,6483.0825,1.0,6482.900253365939,605.034053157462,6482.973527977009,1454.4219607688235,1486.4605990100877,95.30703617523673,-1.0467309859178349,1454.5844710592569
8,1478.8638455130267,6466.5526,1.0,6466.68427375243,276.7575797517741,6466.712946828357,1479.1404677566477,566.4166730987607,96.37798656683636,1.2531039628051182,1478.900030237911
8,1555.1945959432,6416.3071,1.0,6416.207186558718,2254.4901922240283,6416.261017243884,1555.1226665367221,6410.646457745689,101.24770483148366,-1.0904970393307059,1555.1929524713605
8,1627.0637257000565,6369.5748,1.0,6369.461609421326,264.86635170804493,6369.54998789537,1626.9653545724702,465.14219896788387,74.47419676085028,-0.9752200973019429,1627.0038028588858
8,1697.659615313194,6324.4163,1.0,6324.271572644469,150.032496018917,6324.367867503464,1697.5004001830005,233.09446461601965,82.27534244679806,1.2583786417976799,1697.576648594872
8,1723.9375294587835,6307.657,1.0,6307.632761861045,319.5337777484471,6307.691045387547,1723.9631774094971,861.4028140477941,65.3796132141841,-1.3300666666381713,1723.9092659663575
8,1741.4006748069714,6296.8722,1.0,6296.629687718253,253.2315075536475,6296.694371152895,1741.075647762628,446.72676614963706,103.36352845456672,-1.0790517601045078,1741.3583814989265
8,1943.7202885786596,6172.2778,1.0,6172.278379581573,735.9496515601376,6172.299732841122,1943.7098153650281,2478.697672709981,91.7140778519398,1.4624010718665876,1943.6733147563532
8,1988.6563549943262,6145.4411,1.0,6145.43108345594,142.6980007364194,6145.426546669687,1988.6030639156672,292.1956519768835,66.85568370932694,1.4686695905396911,1988.627534116977
8,2040.4476941041826,6114.9234,1.0,6114.832011884232,620.4207777807424,6114.787399907389,2040.2221866050338,1704.2396780002973,103.26092838539375,1.20614687912596,2040.4536115622598
8,2135.943348569208,6059.3725,1.0,6059.371803475887,163.3189819259767,6059.31943219503,2135.7957785274043,384.3291880718078,65.30152494426767,1.6996096979446944,2135.8880977721337
8,2164.183318569662,6043.2233,1.0,6043.208519846705,182.9392690068742,6043.085115823317,2163.984580743195,285.3151401469411,76.84621231851277,-0.973226604125861,2164.2266105499853
8,2183.4889113008917,6032.1274,1.0,6032.221036398006,359.3375978775803,6032.124208882988,2183.46163302312,1087.8861048419828,74.13799394220659,1.4228339835780146,2183.4672474357303
8,2262.91864960547,5987.3016,1.0,5987.544787143237,1737.460284720953,5987.395651108166,2263.0738267296283,5934.931531125465,72.46022098781611,1.5391712419012875,2262.905199027542
9,36.076545055578634,8424.6475,1.0,8424.511709917828,2580.1933664510243,8424.531145085577,35.94961115632367,6305.607148064232,98.0,-0.9923558232046178,36.0606241095268
9,51.692027755357785,8408.2096,1.0,8408.21005946504,2445.9740164556815,8408.17849494895,51.66459355345867,6356.711363103325,125.2,-0.9882420615971094,51.69439023548055
9,191.7593884856846,8264.5225,1.0,8264.802015337129,6375.331578901281,8264.561628654075,191.81463294974904,16584.36943503888,213.58120459274883,-0.9902368621951021,191.7757792970654
9,342.760493188365,8115.311,1.0,8115.650259318126,45113.98789446575,8115.35190634516,342.81116737024826,122000.33294041017,785.3156187725667,-1.01583030736837,342.76898919605753
9,354.73286677690214,8103.6931,1.0,8104.057179239688,28992.18214756694,8103.758594658251,354.8088651509952,80584.66442579064,524.8530635767384,-1.040469430656133,354.7411348454858
9,518.9192009712967,7948.1964,1.0,7948.381178432137,55328.33183085626,7948.1477145986955,518.8502238812155,147892.94758199583,484.9180341429357,-1.0398735180917045,518.9026065099379
9,580.7593610310175,7891.075,1.0,7891.298843776509,472.40975187603436,7891.089534106299,580.767059721556,1097.2043360459124,71.22480666669179,-1.0052290879758257,580.7511906210184
9,829.0268793937778,7670.0575,1.0,7670.208249586226,307.59042917754306,7670.129785605019,829.1304637698781,390.7272818559613,128.84761810242185,-0.8451747457903136,829.0468694868518
9,869.7630625696792,7635.106,1.0,7635.116828954329,313813.3700372073,7635.107998366132,869.7323732368986,875376.2063873865,1510.087792016725,-1.0186936853046418,869.7300412589018
9,923.8373902412065,7589.3151,1.0,7589.032201194794,318.96465622425103,7589.050365474995,923.4940884722491,736.9044271065529,105.08063396192016,1.2379181590508717,923.8067872880026
9,1012.5241503898485,7514.6518,1.0,7514.652059179832,233202.19187739913,7514.700699511406,1012.5636457179027,667882.8596738407,1160.9848297594826,-1.0157954736287187,1012.5047304586672
9,1025.5285222027405,7503.8691,1.0,7503.869106081084,327146.17990791175,7503.920932223044,1025.573806538108,932541.2311436514,1460.1401336493911,-1.0094957377485352,1025.5111777977772
9,1049.1624457333896,7484.3267,1.0,7484.352254830812,802.7697720816385,7484.340583495915,1049.2491013236136,1604.6372171562632,221.29676159567458,0.983180015214868,1049.2322366727867
9,1065.1506597935654,7471.1641,1.0,7471.2073668709845,847.7056589176511,7471.272944509177,1065.2654583363433,1945.87767961891,145.0047520198952,-1.0476240487946662,1065.132774291623
9,1108.761026013808,7435.3683,1.0,7435.589256494971,1799.1295725375753,7435.645879976403,1109.1101826522336,4948.702577810778,147.59272022820903,-1.0940522202986163,1108.7685631757433
9,1121.5644539537786,7425.2942,1.0,7425.197550324464,618.8010457475468,7425.325455216416,1121.526163322821,1453.443821353192,106.47702397544208,-0.9987381635715497,1121.4875900456695
9,1137.6246486417374,7412.3368,1.0,7412.204159005807,579.1488851197679,7412.308801228407,1137.5456174620879,1401.2745402810544,112.03895759884514,-1.0708282725968787,1137.5802933813786
9,1161.543022391409,7392.9801,1.0,7392.938589485284,1046.6726952438728,7393.044563594417,1161.5819605379172,2565.4681581267837,218.5531194578798,-1.1207424002165984,1161.5017026058217
9,1172.690190476443,7383.9805,1.0,7383.994618131515,260285.31237961768,7384.096045199342,1172.800527516428,743349.8765258918,1196.836282641453,-1.0273120648574012,1172.6563255221838
9,1187.508188363207,7372.1184,1.0,7372.139396803435,7174.948185911071,7372.223340482849,1187.6296043536422,19635.139034752603,322.48220326811276,-1.0078764594397176,1187.4982066986322
9,1211.198105327779,7353.293,1.0,7353.26652674808,2870.893239159643,7353.368383732605,1211.2627937399204,7814.6064396679285,181.31659619056884,-1.0637162270418696,1211.167908160478
9,1258.150215648538,7316.005,1.0,7316.151571326974,1069.5304699930705,7316.214754950375,1258.4368688297286,2187.0162285189986,214.391497131167,-0.952868814972315,1258.170128227983
9,1313.3891644212204,7272.9359,1.0,7272.974262773473,52418.923975822334,7273.059841584596,1313.5356033174262,152570.17958589055,546.039966429442,-1.0465265144932112,1313.376089399867
9,1323.2872672020355,7265.1724,1.0,7265.292693770072,640.4301743964734,7265.362872394018,1323.538260533093,1415.6433150159387,159.95551588152296,-1.0400731256528268,1323.292586454755
9,1399.059887996234,7206.9804,1.0,7207.038186121342,2559.798783263614,7207.102779366092,1399.2158789174887,7161.120602424943,113.04343508382956,-1.0886170070489642,1399.0553982178246
9,1462.6409633769454,7158.8387,1.0,7158.898740770452,528.0155769050867,7158.930271857785,1462.7802557205941,1109.875160914726,130.68020243805498,-0.9730224781469494,1462.6585134775462
9,1478.3763620163418,7147.0416,1.0,7147.088278135181,21718.266722205615,7147.1377970930525,1478.4920525079306,65565.01260109701,203.6157415771018,-1.0916572844392096,1478.3637136472846
9,1506.80357022399,7125.82,1.0,7125.854957611856,790.7971110516119,7125.914674978405,1506.8921664745844,2114.0373394992835,99.51740239033433,-1.121428902500031,1506.7650830261937
9,1531.5077890423993,7107.4778,1.0,7107.509867010558,740.7264149775144,7107.561576999236,1531.5818429969434,1864.2571537877532,127.20615336871491,-1.0859996538824308,1531.4687710045603
9,1586.1382011624678,7067.2181,1.0,7067.294082624137,142089.757885325,7067.298207156516,1586.2468931783774,433698.139359573,937.88859973941,-1.1428998012215055,1586.1374610106402
9,1636.9984495397587,7030.2514,1.0,7030.286241396337,3767.8224299388316,7030.2678884059915,1637.0263167804303,10942.24666642101,94.99449534523839,-1.1485302671264883,1637.0035376120209
9,1727.4914752452414,6965.4307,1.0,6965.460276065705,109971.41378415398,6965.427313358103,1727.4703055890348,360005.07538569224,686.6685733738983,-1.195424389414322,1727.475078927901
9,1747.3639167778501,6951.4776,1.0,6951.397881287433,281.3308135120432,6951.350776869363,1747.1799638092484,640.0509797574199,94.2274628185236,-1.2281764409930223,1747.3595192383093
9,1766.8420285574439,6937.6642,1.0,6937.674804635616,1467.4969629393097,6937.639168349295,1766.7785908915553,4314.846313947714,105.92568579300405,-1.1974759221609756,1766.8141822947387
9,1838.5926049483314,6888.1742,1.0,6887.636211500598,388.48655336596266,6887.681597709185,1837.7167514607995,1063.881264485118,96.00004055476194,1.3590486978427527,1838.4286226177967
9,1862.2861620903298,6871.2891,1.0,6871.288686199085,2924.750236393069,6871.225739235244,1862.183958066218,9236.944088148308,108.73073954015928,-1.2204955986661705,1862.2760348304416
9,1876.6652255422323,6861.2688,1.0,6861.410270083488,306.34808075573727,6861.329551787967,1876.7689459787284,665.7446074548936,99.56615932982828,1.2149962878134744,1876.6803761669835
9,2017.1345180357384,6766.6117,1.0,6766.588653519878,198.69563471762916,6766.555229291486,2017.04247369907,497.9170290415619,66.80148039198359,1.4073652677770334,2017.127565207405
9,2037.8967617939002,6752.8335,1.0,6752.8310674250815,1844.7018960612209,6752.829560920304,2037.8532285523233,5749.313765451657,158.00671078455318,-1.310419853682644,2037.8591925263297
9,2142.642956275664,6684.2929,1.0,6684.431326409123,207.98657589203657,6684.54363502723,2142.9649908334172,346.3925336543826,75.75429860999216,-0.9036925014721874,2142.5755144166224
9,2153.742546579593,6677.2817,1.0,6677.281701143274,802.8121708226607,6677.393798480437,2153.8718003323356,2819.5829660335153,65.7165959541779,-1.3986055858107722,2153.697196336356
9,2171.1275280188847,6666.3588,1.0,6666.121339552117,176.39876610887669,6666.2858913618875,2170.92308060238,394.5595408242844,75.30107335806932,1.6047214664330143,2171.037135661379
9,2206.032087949523,6643.6976,1.0,6643.853898640656,187.17175383652693,6644.02278177295,2206.5333882047316,535.4941642788,76.32597696108843,1.561227608263347,2206.020086163797
10,118.7883484334784,9354.2198,1.0,9354.00331457078,456.65644049552196,9354.001285032642,118.60538023368554,939.3898944534611,76.18600088497456,-0.9269282886840473,118.79356685157686
10,231.71085939214348,9224.4992,1.0,9224.685875270141,7390.34747071506,9224.66304507454,231.86529237572807,20474.226666452563,285.13157746263323,-1.0551545885983944,231.72027643007002
10,258.3974120655229,9194.6385,1.0,9194.635496397073,263.4654122190774,9194.46485464063,258.381050350451,424.9659802787203,87.5827387401999,0.7599612889262064,258.5357405970866
10,322.4590459519641,9122.9674,1.0,9123.277543806043,28116.67548131788,9123.23780853113,322.7197267309835,79733.46573262835,901.8894250354166,-1.043950608303854,322.47512034792055
10,662.6563402135148,8761.6862,1.0,8761.88818328189,423.2835065106246,8761.901121945219,662.8209430401746,952.5275660620258,77.82692908237814,-0.9680088111527907,662.6104003371998
10,735.0673458370704,8688.6213,1.0,8688.583862804862,234.94539561985275,8688.4482177155,734.9981621836132,415.2670098758792,74.63589497884402,-1.0064287063951123,735.170584963366
10,755.6740752965165,8667.9442,1.0,8667.944206761174,29396.49458609095,8667.930947546372,755.6428717057945,84894.08036595902,313.9922733242858,-1.0552125029923856,755.6561342331427
10,803.4414736612875,8620.4602,1.0,8620.47193151818,466.7352777091997,8620.440024026355,803.4240808098067,1192.6753850988366,82.21733486716029,-1.1145835506047383,803.4444943519007
10,818.3498948228832,8605.7762,1.0,8605.76095758572,672.9119386816459,8605.733611397765,818.3058804151003,1578.4726464435544,108.97678500625959,-1.000298967303464,818.3491177224967
10,904.9039480290637,8521.4422,1.0,8521.327927820796,148133.7447178385,8521.343857782833,904.7623545705209,408843.68545597006,1275.8319926539089,-1.0570069321799278,904.8641577093548
10,1006.2384865622889,8424.6475,1.0,8424.546194058436,330490.7488607837,8424.536955878706,1006.1160534640471,952475.7193123306,1861.747594686357,-1.0610227292756271,1006.233140138439
10,1023.7254670431583,8408.2096,1.0,8408.066066724856,286269.64396751544,8408.08178657783,1023.5593276335559,825174.2724420688,2339.784859435017,-1.0549601524608454,1023.6952212046997
10,1048.1662402439963,8384.724,1.0,8385.14006240627,423.47490649693657,8385.323336637868,1048.5998501063298,1016.1924643492454,197.9163810389521,1.783756626837161,1047.9590676472862
10,1179.151903325862,8264.5225,1.0,8264.373253883696,206793.41128460396,8264.433778118138,1178.9899936892773,595737.8441581969,1002.5035618179819,-1.0780916639230853,1179.0876489394832
10,1346.3032530982578,8115.311,1.0,8115.250356724703,531946.5575009261,8115.275462490477,1346.254722110999,1617616.2767135021,2861.07344858982,-1.1095414146471256,1346.2953022119648
10,1359.56528102824,8103.6931,1.0,8103.651483937194,337770.28108498116,8103.689355949236,1359.5397388330582,1028227.884398118,2138.7353756519833,-1.0995975752761369,1359.5440263302776
10,1402.2639666136374,8066.6046,1.0,8066.535446091029,255.83688779675825,8066.463721615196,1402.2104765289307,185.20086036429043,164.61318071701314,-0.6267656987395281,1402.3733273051748
10,1417.72980109547,8053.3085,1.0,8053.176980894516,1134.6248923504327,8053.227610587932,1417.6052204059824,2726.456335125769,205.86919618839187,-1.0741864555194878,1417.6990327339274
10,1425.8482021042034,8046.1169,1.0,8046.182841839066,580.7863399895989,8046.152328983412,1425.9535259916354,953.6904259447184,207.68313221402545,-0.9751653020449726,1425.912365040026
10,1436.4514408396221,8037.2183,1.0,8037.066635543441,499.221594558009,8037.097976897499,1436.3045333563282,904.8005725951919,189.7764528158188,-1.0260628325093253,1436.4446592169654
10,1462.4615452383323,8014.7857,1.0,8014.793471041916,337068.4563380422,8014.833987492918,1462.5026904003112,1053040.97675373,1909.5188194119107,-1.1320188094645378,1462.4461359740899
10,1472.6013294595318,8006.1567,1.0,8006.144698064248,219089.01792359384,8006.190024360629,1472.6201484197109,680795.999753339,1608.8017249461936,-1.1310884759390545,1472.5810336835355
10,1541.1000492214325,7948.1964,1.0,7948.216814205743,238909.98646643787,7948.251869215218,1541.1623673408394,729713.5796455992,1255.8635092692246,-1.1603008132123533,1541.096274353932
10,1541.100068175693,7948.1764,1.0,7948.216798295918,238909.04823047292,7948.25186920028,1541.1861978517436,729713.5998553066,1255.8635092692246,-1.1603008775470116,1541.096274371731
10,1579.1516912437748,7916.442,1.0,7916.409069362106,224.19281291776215,7916.350522860083,1579.1522936425686,357.17877556702047,112.76561764885943,-1.0878871427469468,1579.2621955233094
10,1609.6060598209021,7891.075,1.0,7891.141227251943,1389.425271099825,7891.192406238176,1609.7276441690258,4135.539312305954,93.18344363438365,-1.1632229716765572,1609.5856678708199
10,1637.2317472753973,7868.1946,1.0,7868.364845340115,388.064711942168,7868.414548141507,1637.481216674243,898.1677384793396,80.37654201310649,1.153249499165513,1637.2136158041792
10,1884.959237657616,7670.0575,1.0,7670.137123059289,255.58922014940163,7670.238077791728,1885.0902945218497,478.8629863720957,109.12691212616816,1.200898662390183,1884.8584474700635
10,1930.0867598852633,7635.106,1.0,7635.168222839251,269619.9113982655,7635.188323602659,1930.188370448588,933796.9325340274,3460.7074902453737,1.3522943502201141,1930.0816157924478
10,2089.141245201484,7514.6518,1.0,7514.651933640699,113296.2351054413,7514.639923587548,2089.11564368474,414370.1275919837,2129.2120201840853,1.4291033055322688,2089.1315919106287
10,2103.699372798371,7503.8691,1.0,7503.831641602627,144628.71992187205,7503.835334008707,2103.617170160176,528976.9789773889,5205.271057325327,1.4189314944057894,2103.6626532724035
10,2130.031851583102,7484.3267,1.0,7484.348953126402,334.6634084090468,7484.292468631884,2130.0185970633097,790.8868986421303,92.35975500424131,1.3092526669670748,2130.06498346645
10,2147.8782074003857,7471.1641,1.0,7471.209827768592,291.7492215086666,7471.213563111074,2147.8885005405255,921.9285776481879,84.79896977309674,1.528830158527848,2147.821220610818
10,2196.8029489777637,7435.3683,1.0,7435.457657067309,580.2582086200613,7435.431561017497,2196.847836010165,1621.0073305018386,124.77492882123695,-1.379448627938882,2196.760844680116
10,2211.00254435036,7425.2942,1.0,7425.15448936008,252.36540173674862,7425.150180969346,2210.7234567900955,631.1730400852567,77.77283000094019,1.546858791832088,2210.922119894965
10,2255.834117724331,7392.9801,1.0,7392.840518199497,270.2015100288574,7392.804368241108,2255.52436858924,849.3842233849994,91.40873312468071,1.6721710238633831,2255.7692330612713
10,2268.2909407061497,7383.9805,1.0,7383.919826549693,63243.580077314924,7383.8451146761145,2268.0821560018385,244334.1580316229,1668.8916151494118,1.4973587452888135,2268.2713539037854
10,2285.0095762347446,7372.1184,1.0,7371.986689379332,1768.0951662225111,7371.931534396034,2284.688631796322,5951.659015325097,133.04693652834263,-1.4003527581190047,2284.950714917483
10,2311.5869229366517,7353.293,1.0,7353.109952187116,616.7273332498901,7353.0248846374825,2311.171779728423,1782.4023205694966,114.45569119484415,1.3395763833844525,2311.550117476357
10,2370.5055566342894,7311.7159,1.0,7311.66940039813,290.3719867049104,7311.448765452676,2370.230801581787,533.1326280565779,108.70410362657853,1.0234804263249664,2370.6128424767358
10,2426.308141780648,7272.9359,1.0,7272.935801810176,7898.599795344949,7272.766399464261,2426.0432861047825,29883.7043506994,261.9995530998846,1.482313393190761,2426.28882773242
10,2522.6819575754994,7206.9804,1.0,7207.216726641663,405.1333886436805,7206.9827194896625,2522.649960615359,852.8718448501492,135.04750829109508,-1.2106484756818687,2522.6465248197387
10,2612.1354977784013,7147.0416,1.0,7147.545229054289,1903.4148253142869,7147.205466205335,2612.3808967941463,6103.464078105723,290.2416774962485,1.3885910838111362,2612.1329464866276
